epoch,accuracy,loss,top_5_accuracy,val_accuracy,val_loss,val_top_5_accuracy,learning_rate
1,0.1466,6.1274,0.2778,0.1883,5.5312,0.3396,0.001
2,0.2052,5.2393,0.3643,0.2126,5.1541,0.3789,0.001
3,0.2281,4.8479,0.4,0.2244,4.9858,0.3981,0.001
4,0.2442,4.5971,0.4251,0.2317,4.9034,0.4097,0.001
5,0.2575,4.4121,0.4444,0.2367,4.863,0.4164,0.001
6,0.2694,4.264,0.4612,0.2404,4.8421,0.4221,0.001
7,0.2802,4.1399,0.4757,0.2438,4.8359,0.4255,0.001
8,0.2909,4.0339,0.4892,0.2463,4.8433,0.4274,0.001
9,0.3094,3.8554,0.5112,0.2497,4.8372,0.4307,0.0005
